Keyword,Viktor,Adam,Raphael,Kanushree,Zijing
EU,1,1.0,1,1,1
Brexit,1,1.0,1,1,1
EU.,1,1.0,1,1,1
Labour,1,1.0,1,1,1
Tories,1,1.0,1,1,1
referendum,1,1.0,1,1,1
immigration,1,1.0,1,1,1
Farage,1,1.0,1,1,1
tories,1,1.0,1,1,1
Conservatives,1,1.0,1,1,1
elections,1,0.0,1,1,1
parliamentary,1,0.0,1,1,0
FPTP,1,1.0,1,0,0
coalition,1,0.0,1,1,0
Westminster,1,0.0,1,0,0
EEA,1,1.0,1,1,1
WTO,1,1.0,1,0,0
ECHR,1,1.0,1,1,0
EFTA,1,1.0,1,1,0
UKIP,1,1.0,1,0,1
reforms,1,1.0,1,0,0
EEC,1,1.0,1,1,0
Greece,0,0.0,0,0,1
reunification,0,1.0,1,1,0
MEP,1,1.0,1,0,1
SNP,1,1.0,1,0,1
undemocratic,0,0.0,1,0,0
austerity,0,1.0,1,0,0
Immigration,1,1.0,1,1,1
referendums,1,0.0,1,1,1
UKIP.,1,1.0,1,0,1
Greens,1,0.0,1,0,1
Labor,1,1.0,1,0,1
referenda,1,0.0,1,0,1
eurozone,1,1.0,1,1,0
ECB,0,1.0,0,1,0
LibDems,1,0.0,1,0,1
Unionist,1,1.0,1,1,0
FPTP.,1,1.0,1,0,1
IMF,1,1.0,1,0,0
Eurozone,1,1.0,1,1,0
devolution,1,0.0,0,1,0
Ukip,1,1.0,1,0,1
Referendum,1,1.0,1,1,1
Elections,1,0.0,1,1,1
Coalition,1,0.0,1,0,0
parliaments,1,0.0,1,1,1
federalism,0,0.0,1,0,0
Draghi,0,0.0,0,0,0
Opposition,1,0.0,0,0,0
Eurosceptics,1,1.0,1,1,1
eurosceptic,1,1.0,1,1,1
eurosceptics,1,1.0,1,1,1
Austerity,0,1.0,1,0,0
rUK,1,0.0,0,0,0
Juncker,1,1.0,0,0,1
CETA,1,1.0,0,1,0
TTIP,1,1.0,0,1,0
SNP.,1,1.0,1,0,0
federalization,0,1.0,0,0,0
privatisation,0,1.0,0,0,0
E.U.,1,1.0,1,1,1
plebiscite,1,0.0,1,0,1
ECB.,0,1.0,0,1,0
Nigel_Farage,1,1.0,1,0,1
federalisation,0,0.0,0,0,0
Holyrood,1,0.0,0,0,0
Miliband,1,0.0,1,0,0
people,1,0.0,0,0,0
time,0,0.0,0,0,0
reddit,0,0.0,0,0,0
market,1,0.0,0,1,0
single,0,0.0,0,0,0
Ireland,1,1.0,1,0,0
democracy,1,0.0,1,0,0
France,0,0.0,0,0,0
European,1,1.0,1,1,0
Europe,1,1.0,1,1,0
Northern,1,1.0,0,0,0
Leave,1,1.0,0,0,0
movement,1,0.0,0,0,0
Spain,0,0.0,0,0,0
Russia,0,0.0,0,0,0
Union,1,1.0,0,1,0
Germany,0,0.0,0,0,0
Brussels,0,0.0,0,0,0
Ukraine,0,0.0,0,0,0
euro,1,1.0,0,1,0
freedom,1,0.0,0,0,0
right,1,0.0,0,0,0
government,1,0.0,1,0,0
trade,1,0.0,1,1,0
London,1,0.0,1,0,0
England,1,0.0,1,0,1
Canada,0,0.0,0,0,0
tax,1,0.0,0,0,0
Single,1,0.0,0,0,0
red,0,0.0,0,0,0
passport,1,1.0,1,0,0
Schengen,1,1.0,1,1,1
Market,1,0.0,0,0,0
Boris,1,1.0,1,1,1
europe,1,1.0,1,1,1
free,1,0.0,0,0,0
China,0,0.0,0,0,0
sovereignty,1,1.0,1,0,0
Poland,0,0.0,0,0,0
wikipedia,0,0.0,0,0,0
Johnson,1,0.0,1,1,0
europa,1,1.0,0,1,0
reason,0,0.0,0,0,0
Nigel,1,1.0,0,1,1
party,1,0.0,0,0,0
brexit,1,1.0,1,1,1
wing,1,0.0,0,0,0
compose brexit,1,0.0,0,1,0
bot action,0,0.0,0,0,0
civil discussion,0,0.0,0,0,0
uk,1,0.0,1,1,1
rules,1,0.0,0,0,0
familiarise subs,0,0.0,0,0,0
eu,1,1.0,1,1,1
archive,0,0.0,0,0,0
just,0,0.0,0,0,0
british,1,0.0,0,1,1
like,0,0.0,0,0,0
tory,1,1.0,1,1,1
europeanunion questions,1,0.0,0,1,0
boris,1,1.0,1,0,1
single market,1,0.0,0,1,1
farage,1,1.0,1,0,1
brexit benefit,1,1.0,1,1,1
voted,1,0.0,0,0,0
ireland,1,1.0,1,0,0
vote,1,0.0,0,0,1
contact moderators,0,0.0,0,0,0
yes,0,0.0,0,0,0
article,0,0.0,0,0,0
note politico,1,0.0,0,0,0
labour,1,1.0,0,1,1
think,0,0.0,0,0,0
rejoin,1,1.0,0,0,1
brexit means,1,1.0,0,1,0
brexiters,1,1.0,1,1,1
lol,0,0.0,0,0,0
britain,1,0.0,1,1,0
clickbait,0,0.0,0,0,0
eu membership,1,1.0,1,1,0
know,0,0.0,0,0,0
don,0,0.0,0,0,0
stupid,0,0.0,0,0,0
nigel,1,1.0,1,0,1
https,0,0.0,0,0,0
freedom movement,1,1.0,1,0,0
good,0,0.0,0,0,0
did,0,0.0,0,0,0
https archive,0,0.0,0,0,0
rejoin eu,1,1.0,1,1,1
benefit,1,0.0,0,0,0
irish,1,0.0,1,0,0
