subreddit,type,keyword,id,author,title,body,created_utc,parent_id
northernireland,comment,Palestinian,cjddejm,JayMan99,,What makes you think this person is a loyalist? And why call his religious beliefs stupid? Is it ok because he's a Jew? Reeks of antisemitism,2014-07-31T21:03:36+00:00,t3_2c9jhh
Conservative,comment,Palestine,kq4bplv,NYforTrump,,Haven't the last 4 mass shooters been trans?  That audrey girl that shot up the Christian school in Nashville was a real pioneer.,2024-02-12T18:58:09+00:00,t3_1ap4g13
Politics,comment,Bibi,khtry1i,Kinggakman,,If he just dropped Israel that would not be popular either. Itâ€™s not a situation where he could guarantee more votes by going in either direction.,2024-01-14T15:52:55+00:00,t1_khtmyz8
PoliticalDiscussion,comment,Palestinian,l6sdqtu,Chilpericus,,"They literally, and this has been proven, targeted aid vans deliberately â€“ and shot down each van in succession, meaning they knew what they were doing and were individually okaying the strikes while in communication with the vans. The IDF is one of the worst armies since the Wehrmacht.",2024-06-02T16:53:06+00:00,t1_l6oicad
Libertarian,comment,Israel,l12wkcf,666-Slayer,,I feel bad for anyone who tries to debate Dave Smith.,2024-04-24T18:13:53+00:00,t3_1cbwjy7
Geopolitics,comment,Israelis,kxlko1s,BolarPear3718,,"The list of attacks on Israeli embassies and diplomats is so long it has it's own wikipedia page:

https://en.m.wikipedia.org/wiki/List_of_attacks_against_Israeli_embassies_and_diplomats

Many of those were by Iran and it's proxies (Thaliand, India in 2012, UK in 1994 and quite famously in its body count and cover-up Argentina in 1992, and more).

I expect Israel to experience the same consequence Iran experienced: nothing.

Edit: exchanged brevity for accuracy.",2024-04-01T20:43:29+00:00,t1_kxl9w35
Politics,comment,Israel,l3mjh4k,Okbuddyliberals,,"The United States allows legal protest. The commie Chinese don't. There's obviously a big difference between illegal protest when **all protest is illegal** vs when protesters very much have the option to protest legally but have just swallowed the far left dogma that ""all protest must be as obnoxious and disruptive as possible"" or whatever",2024-05-11T21:14:13+00:00,t1_l3mixsw
PoliticalDiscussion,comment,Palestinians,l5hcgnf,Kman1121,,Dudeâ€™s crying about people insulting his favorite apartheid state while theyâ€™re literally committing genocide.,2024-05-24T15:13:58+00:00,t1_l5hbic4
ukpolitics,comment,Gaza,kpwbfno,Rixalong,,">Many British Muslims seem to care more about what happens in foreign lands than this country. It's actually quite worrying. You don't see British Christians constantly up in arms about the horrific treatment of Christians in many Muslim majority countries.


They don't care about Muslims in other countries in the slightest.Â 


They care about Israel.Â 


That's it.Â 


The obsession with Palestine from both the Muslim community and the left wing brigade who are fanatic about it only care about it because one side is Jewish.Â 


There's far worse massacres and actual genocides happening against Muslims right now across the world. Nobody gives a damn unless it allows them to peddle the Nazi gash",2024-02-11T07:24:39+00:00,t1_kpujhzs
Neoliberal,comment,Bibi,ini3nf4,Squeak115,,"Shhhh ðŸ¤« 

You'll wake up the totally not anti-semites brigade.",2022-09-07T20:59:08+00:00,t1_inhl2bw
europe,comment,Hamas,k68br78,nuclear_jester,,Maybe Italy and Israel have more in comon than what I thought,2023-10-24T10:29:21+00:00,t1_k68atb9
Politics,comment,Rafah,kv9ppa4,DirtyBillzPillz,,Israelis love what Netanyahu is doing to Palestinians. They didn't like him trying to capture the courts but the might not give a fuck about that anymore.,2024-03-17T12:04:31+00:00,t1_kv6m0ws
Politics,comment,antisemitic,l38tm7r,tom-branch,,"If this bill bans anti semitic language, does that mean there will also be a crackdown on rabidly anti palestinian ideology, viewpoints and violence?",2024-05-09T05:49:57+00:00,t3_1cng0dt
europe,comment,Israel,k5abeb7,None,,"Concerning the recent events in Palestine it is my duty to spread the truth that the media has been hiding.
In 1948 zionists were given control over Palestine by the help of British occupiers and since then have been mass murdering Palestinians and stealing their homes and land for 75 years. 
The Palestinians now have only two small places to live, parts of the west bank and Gaza, the conditions there are inhumane and have been called by the united nations the worldâ€™s biggest open air prison.
The recent attack on the Israeli occupiers has been called an act of terrorism when it is in fact just an attempt to fight for freedom.
To this moment Israel has killed 3000 Palestinians including 400 children, injured 12500 and destroyed the houses of over a million families.
Anyone with a fraction of humanity in there heart should be able to see the truth and stand with the oppressed not the oppressors.",2023-10-17T17:40:31+00:00,t3_179rzq7
europe,comment,Gaza,karfv91,ThisGonBHard,,"Israel agree to the initial split for two states, that gave Palestinians Jerusalem. Then they decided genociding the jews was the better choice, and got curb stomped in response.

It is like complaining Nazi Germany got fucked and split when they invaded the USSR.",2023-11-25T23:10:13+00:00,t1_kar9b2p
europe,comment,Palestine,eo4g4sc,StartWin,,"The part most you probably don't hear, the female security guard says ""Let them go, if they don't want to give it they don't want to give it."" They weren't trying to take the flag as a way to silence them they were probably instructed by EU people.",2019-05-19T14:45:02+00:00,t1_eo2kmdf
PoliticalDiscussion,comment,IDF,ka8fguy,Hyndis,,"> There is video of Hamas firing rockets from the doorway of hospitals. 

From atop apartment buildings too. I was watching a live webcam of Gaza on the BBC, and all of a sudden from the roof of one of those apartment blocks, a bunch of rockets started launching. 10 minutes later the entire building exploded, likely due to Israel counter-attacking the rocket site.

That was a war crime on live webcam, a war crime committed by Hamas, using civilian structures as human shields for military purposes.",2023-11-22T00:14:51+00:00,t1_ka7mg1k
Politics,comment,antisemitic,k4dba0p,XavierYourSavior,,You're pro kill kids?,2023-10-11T03:08:44+00:00,t1_k4arr8v
europe,comment,Israeli,koewhx0,Chumbacumba,,"You literally said 'How do you think it compares to war crimes and killing 10k children?' as a way of justifying it. 

>Sorry that hurt your feelings ðŸ˜‚

The classic indication that I got u. Do better champ.",2024-02-01T09:28:41+00:00,t1_koeuydw
Politics,comment,Israel,l2r4j5r,leastwilliam32,,Rings true.,2024-05-05T22:52:13+00:00,t3_1ckweu3
Labour,comment,Palestine,kynplyk,AutoModerator,,"Join the Labour Socialists Discord Server to meet some friendly British socialists https://discord.gg/S8pJtqA, subscribe to r/GreenAndPleasant for all things UK, r/DWPHelp for benefits and welfare support and r/BAME_UK for issues affecting ethnic minorities.
Be sure to check out our Twitter account too! https://twitter.com/LabourSocialis1 

*I am a bot, and this action was performed automatically. Please [contact the moderators of this subreddit](/message/compose/?to=/r/Labour) if you have any questions or concerns.*",2024-04-08T19:01:58+00:00,t3_1bz66mz
europe,comment,Israel,k8qu3xa,Hour_Air_5723,,Because Ireland was occupied by Britain for centuries and fought a â€œTerroristâ€ Insurgency to kick them out.,2023-11-11T04:32:23+00:00,t3_17rzrfr
Geopolitics,comment,Netanyahu,kchiukt,No-Lifeguard-7357,,"The war on terror continues, and political stability and unity are needed to free the hostages and destroy Hamas.  
Of course, the current Government of Israel bears inescapable responsibility for the massacre of 7 October.",2023-12-08T10:57:28+00:00,t3_18d6bze
Politics,comment,Gaza,l6ed034,badwolf1013,,"Well, vote for Trump then, and see what he does. Or vote for RFK Jr. and see what Trump does when he wins by default. Or abstain from voting and see if you get Biden or Trump.

Look, I think youâ€™re wrong about how Biden feels about all of this, but of the 4 options available to you â€” abstaining, voting for RFK, voting for Trump, or voting for Biden â€” Biden is still Gazaâ€™s best chance, because Biden still needs the Progressive voters. Trump has MAGA locked up. He doesnâ€™t need progressives. He needs the middle. Biden needs the middle and the progressives, and they are not on the same page on Gaza. So Bidenâ€™s walking a tightrope. Heâ€™s pissing off people on both sides of the issue. But at least heâ€™s partway looking out for Gaza. Trump cares fuck-all about the Palestinians.",2024-05-30T23:27:48+00:00,t1_l6dxhb2
PoliticalDiscussion,comment,Palestine,c2jumh6,go1dfish,,"Because it makes it that much easier to actually work to further the interests of your campaign sponsors while the voting public is left with the impression that if it wasn't for the damned obstructionist congress, the President would have done some real good for the country.

In truth, the most progressive change you can expect out of the POTUS is the repeal/rejection and eventual prosecution of the activities of the  George W Bush administration.  It doesn't even require congress.
",2011-09-14T17:31:40+00:00,t3_kfdhb
Politics,comment,antisemitic,jsojh3e,Mycrochump,,But George Soros is their #1 boogeyman.,2023-07-20T03:09:41+00:00,t3_154dfpz
Politics,comment,antisemitic,l2ld4ce,JakeEllisD,,"Did the jews vote non godly prisoners getting executed then? And so you acknowledge Muhammad COULD be of supernatural type, convenient lol. How much proof is there of Yaweh or Islam's God then? I'd like to see some historal proof /s 

So much of this is a cope that is trying to save itself from simply discrediting the Bible in general. Which is the only way to avoid the jews picked Jesus to be killed by the Roman's.",2024-05-04T20:16:06+00:00,t1_l2lbpmi
LabourUK,comment,Gaza,kt376ij,Corvid187,,"I'd personally argue someone who thinks rape is ok as long as the person is asleep *is* a more dangerous and harmful MP than the average member of the house, and his support for figures like Assad isn't something you'd get from electing another Labour MP. If you feel he as an individual MP can make a significant impact on the debate around Gaza, I'm unclear why he couldn't equally use that influence to advocate for his other abhorrent beliefs.

Plenty of people have managed to be staunch supporters of Palestine without those harmful views, and him being right on one issue is not enough to overlook his issues on so many others.",2024-03-03T01:48:41+00:00,t1_kt3219x
PoliticalDiscussion,comment,Palestinians,l5jkbbw,mrjosemeehan,,"That's not how the ICJ works. Cases are initiated when one state brings forth an allegation that another is acting in violation of multilateral, UN-governed treaties, or when two or more states agree that they have a dispute that needs to be resolved by a third party. The process is similar to filing a civil lawsuit or entering arbitration.",2024-05-24T23:32:34+00:00,t1_l5j0yr1
europe,comment,Israel,k91gckc,strl,,"Conspiracy thinking, Israel doesn't leave its clients out to dry, reputation is pretyy important if you want to stay a large arms exporter.",2023-11-13T07:21:50+00:00,t1_k919mc7
unitedkingdom,comment,Israel,dhirzps,essjay2009,,Nice subtle sexism there. ,2017-05-13T21:49:34+00:00,t3_6ayav5
PoliticalDiscussion,comment,Palestinians,cio6994,bobbyfiend,,"Wow, you didn't even pretend, all subtle-like, that you weren't putting words in my mouth or trying to bait me, did ya?

You have fun with that rhetorical style. I'm sure it's celebrated... somewhere on the planet. ",2014-07-04T04:27:02+00:00,t1_cio603z
LabourUK,comment,Netanyahu,dp78ygj,redsox6,,Hoping for a Labor or Yesh Atid win next election!,2017-11-01T18:32:01+00:00,t1_dp789x2
europe,comment,Hamas,khswfqc,banProsper,,"Sorry, fixed it. For some reason Reddit likes to lowercase parts of the URL.",2024-01-14T11:26:25+00:00,t1_khsuj8b
LabourUK,comment,antisemitic,hvbj529,mattglaze,,"Just the start of delegitimising amnesty international, for having the audacity to comment on whatâ€™s plain to see!",2022-02-02T20:00:17+00:00,t3_simdtp
Politics,comment,antisemitic,jpwf9xs,nonprofitnews,,There's also literal Nazi propaganda being spread with deep sincerity,2023-06-28T19:54:31+00:00,t1_jpwbbgb
europe,comment,Gaza,kii7h8d,yourmomx69x420,,Ceasefire but Hamas has to go? The whole war is against Hamas. If they left or were entirely defeated the war would simply not still be happening,2024-01-18T22:48:14+00:00,t3_199vyuw
Republican,comment,Hamas,l2uzpog,AutoModerator,,"/r/Republican is a partisan subreddit.  This is a place for Republicans to discuss issues with other Republicans.
To those visiting this thread, we ask that unless you identify as Republican that you refrain from commenting and [leave the vote button alone](https://www.reddit.com/r/MetaRepublican/comments/5t017a/this_sub_is_for_republicans_if_you_do_not/). Non republicans who come to our sub looking for a 'different perspective' [subvert that very perspective with their own views when they vote or comment.](http://i.imgur.com/XqL0wfR.jpg)

*I am a bot, and this action was performed automatically. Please [contact the moderators of this subreddit](/message/compose/?to=/r/Republican) if you have any questions or concerns.*",2024-05-06T17:50:48+00:00,t3_1clpd2m
Politics,comment,Gaza,l1na7v1,Adorable-Database187,,Ahh Xi's tiktok crowd in the house!,2024-04-28T14:40:49+00:00,t3_1cf4fej
Politics,comment,Israeli,ieu53z9,shinobi500,,No shit?!? US concludes sun is likely luminescent.,2022-07-04T16:49:44+00:00,t3_vr9toq
Politics,comment,Palestinian,k8og1ng,Asleep_Produce9399,,"Donâ€™t ever deny a redditor an opportunity to make a snarky, sarcastic, or rhetorical observation â€” Itâ€™s a war crime.",2023-11-10T18:27:22+00:00,t1_k8o5g3w
europe,comment,Israel,l2dh4nv,EversariaAkredina,,"I always ate cheese and ultra cheese popcorn back in Ukraine. I always thought that Ukrainians loves cheese popcorn more.

But now, in my local WrocÅ‚aw cinema there's only that damn salty popcorn ðŸ˜­",2024-05-03T09:33:06+00:00,t3_1cis3z6
Politics,comment,Netanyahu,k8chf95,billdkat9,,"This is an official Hamas spokesman just one week ago stating Its position that Hamas will attack Israel like they did on Oct 7th over and over & over again

https://youtu.be/uZrAv3Zc7gU?si=pQQbPhW3-cEVFb4p",2023-11-08T12:05:54+00:00,t1_k8cfgqw
europe,comment,Israeli,geerc53,Plappeye,,"I've only ever known one Jewish person, I remember at my birthday years ago my ma was all freaked out preparing food and making sure there was nothing that would be offensive to a Jew, then when it came to lunch he refused to eat any of it and made my mum go out for ham sandwiches lmao",2020-12-02T20:13:30+00:00,t1_gedytlx
unitedkingdom,comment,Palestine,kkc5hal,PietroJd,,"You underestimate genuine Palestinian supporters and Muslims in general, they will absolutely vote for whoever backs their cause, that is number 1 for them over anything else. Average white folk who have sympathy for Palestine sure, they are entrenched in their 'side' and won't switch for anything.",2024-01-30T23:46:52+00:00,t1_kk8sit2
ukpolitics,comment,Israeli,ej7o4bf,Argikeraunos,,"What I think is that if you have exiled a population of people from their homes and have caged and besieged them, and have held them that way for decades and responded to even the most anodyne and peaceful challenges to the status-quo with massive and disproportionate violence, it is likely that they will elect a radical and violent leadership.",2019-03-23T18:43:49+00:00,t1_ej7nk2k
Geopolitics,comment,Hamas,ks0c95j,LivefromPhoenix,,I don't think there's any reason to believe Hamas thought the attack was ever capable of actually *defeating* Israel.,2024-02-25T02:08:53+00:00,t1_krz510t
LabourUK,comment,antisemitic,j6q2tg4,ThorAwayForSmiting,,Shock. This sub downvoting a Jewish Labour piece. And people wonder why prominent Jewish members voice their concerns over the toxicity of these lot.,2023-02-01T02:14:26+00:00,t3_10nlah5
europe,comment,Palestinian,clsx86a,jtalin,,"""Dealing with our situation is much more complicated than cooking spaghetti, woman!""

",2014-11-04T19:45:05+00:00,t1_clslkvy
Geopolitics,comment,Gaza,kfh70no,AgitatedSuricate,,"Refugee policies in all western world are being used by the left to foster ilegal immigration. This given the case, they should be abolished.",2023-12-29T22:47:27+00:00,t3_18tr5q7
unitedkingdom,comment,Israel,gy8pihm,None,,"Say it with me slowly ... 

Samsung Electronics Israel Ltd is a registered Israeli company. Their headquarters are in Petah Tikva, Israel, they pay taxes to the Israeli state. Buying consumer electronics from them (or their parent company which utilises their products) benefits the Israeli state.

See, I can type condescending statements too.

The type of product being traded does not matter, because it is the profits that feed back to Israel that you are taking issue with.",2021-05-15T18:37:18+00:00,t1_gy8ojk4
ukpolitics,comment,Israeli,dftho5g,nnug,,"Yes, let's, at the height of the cold war, betray our NATO ally, the US, to protect a tinpot communist dictatorship ",2017-04-04T15:33:05+00:00,t1_dftbyro
Neoliberal,comment,Palestinians,gz80dc0,thisispoopoopeepee,,"I mean technically it can be resolved through military power, it should would require a complete gloves off sort of power.",2021-05-24T00:41:24+00:00,t3_njazpg
Geopolitics,comment,Hamas,kafyqyq,Silly-Cloud-3114,,"True point. So circling back to the question: What stops Europe and the US from recognizing the Palestinian state, the way India and some other countries have.  
  
  The region does have a long history, but isn't this the first step to peace? Because the only other stance is to think the whole region belongs to Israel and that indirectly means being silent when Palestinians are all displaced.",2023-11-23T14:44:39+00:00,t1_kafq4mj
europe,comment,Gaza,k5kqwix,zedero0,,He was referring to the NIP..,2023-10-19T17:56:09+00:00,t1_k5jwcsh
ukpolitics,comment,Zionist,e371rdo,Othersideofthemirror,,"the thread 

https://twitter.com/TheRedRoar/status/1023165388689948672

linked to this article

https://www.theredroar.com/2018/04/labour-hopeful-removed-from-hastings-shortlist-after-antisemitism-controversy-wants-to-be-walsall-mp/

which links to Marlons twitter post 

https://mobile.twitter.com/supergutman/status/952571001472155652?lang=en

and a screenshot of Harris linking Ickes Rothschild article

https://i.imgur.com/VCcfwPN.jpg


Now shall i cut up this big piece of chicken and drive it into your mouth with choo choo noises little one? ",2018-07-28T17:49:41+00:00,t1_e370yrf
northernireland,comment,Israel,i3ami1q,Valdularo,,"And you believe that any nonsense like this justifies the death of innocent civilians. Read: non-combatant men, women and children?

Get the fuck out with your bullshit. No country is squeaky clean you moron. There are many questionable aspects to every country on earth, but the fact that you can even hint that Russia is anything less than the aggressor and direct invader while threatening to nuke the planet if anyone else gets involved is LAUGHABLE.",2022-04-04T01:03:42+00:00,t1_i3ab6qx
Scotland,comment,Gaza,ksj7xqo,SweetEnuffx,,And a practice the SNP are well versed in after 16yrs in power.,2024-02-28T13:46:15+00:00,t1_ksj6r42
Politics,comment,Israel,l489n9w,Additional_Ad3573,,The president doesnâ€™t control local police departments. Â And many of those protesters are openly advocating for sending Jewish people away from Israel Israel,2024-05-15T23:07:06+00:00,t1_l4849pj
Politics,comment,Netanyahu,kp8odmz,Kahzgul,,"Yeah, that was wild.",2024-02-06T21:53:29+00:00,t1_kp7xcet
Politics,comment,Palestinian,k7ql19k,Fugglymuffin,,"We should just make it a rule that, calling to expel someone, gets your ass expelled.

Get the fuck out of here, with that unAmerican bs.",2023-11-04T02:13:56+00:00,t3_17n4dlk
Politics,comment,Palestinian,gyxr856,le672,,"I'm not ""pro-Palestinian"", but I am against corruption and political violence.",2021-05-21T12:45:03+00:00,t3_nhrjug
unitedkingdom,comment,Palestine,ks8bpi0,Ill-Nail-6526,,Cosplaying online super cringe!!,2024-02-26T15:46:31+00:00,t1_ks7iy6w
PoliticalDiscussion,comment,Palestinians,kb8gatm,I405CA,,"Motive is what distinguishes first degree murder, second degree murder, voluntary manslaughter and involuntary manslaughter.",2023-11-29T07:30:05+00:00,t1_kb8952x
europe,comment,Gaza,cg8991u,silverionmox,,"Hey, you were the one who started the sceptical tack.",2014-03-21T14:13:58+00:00,t1_cg8945z
Liberal,comment,Palestinian,kss3oml,webguy1975,,The entire western world printed ~~hundreds of billions~~Â Trillions.,2024-03-01T00:30:43+00:00,t1_ksry8q1
unitedkingdom,comment,Palestine,k5yj7cj,peakedtooearly,,The police must have plenty of time on their hands if they can look into trivia like this.,2023-10-22T12:39:33+00:00,t3_17ds9zt
Scotland,comment,Gaza,k4edou5,moronalert,,And? Are civilians to blame for the actions of their government? Are you liable for any war crimes perpetrated by your country?,2023-10-11T10:30:38+00:00,t1_k4ed2va
ukpolitics,comment,Gaza,ku1kb26,hobocactus,,"Tbf 250k would've got the NHS a modest caravan at best, but yeah.

SNP need a new leadership contest soon, even Forbes would've probably been less damaging.",2024-03-09T08:00:04+00:00,t1_ku1cx1n
Libertarian,comment,Palestine,eq49sof,thediasent,,"You need to learn what doublespeak is. Israel actually declared independence from what was Palestine the became more powerful as they executed Jews fleeing the Holocaust.

Palestine was allied with the Nazis in WWII but they called it ""The Good War.""",2019-06-05T22:06:04+00:00,t1_eq48xiw
LabourUK,comment,antisemitic,ign7eoy,Mombo1212,,"The media right now ""Keir Starmer's cynical exploitation of the Holocaust Memorial in Berlin clearly demonstrates that Jeremy Corbyn still has serious questions to answer on Labour antisemitism""",2022-07-18T14:11:10+00:00,t3_w1x1hb
LabourUK,comment,Hamas,l6br1jy,3106Throwaway181576,,Why do you not care that our former leader is so happy to cozy up to our enemies?,2024-05-30T14:02:45+00:00,t1_l6bp58a
Politics,comment,Netanyahu,k42a8ts,Necessary-Ad674,,Because theyâ€™re the size of New Jersey and live in a viperâ€™s nest.,2023-10-09T00:02:24+00:00,t1_k41xr41
ukpolitics,comment,Hamas,e4hd7hn,None,,Yes. ,2018-08-19T21:19:20+00:00,t1_e4hc3v5
Politics,comment,Palestine,cwbek05,TheresNoLove,,Maybe you should be.,2015-10-24T18:58:57+00:00,t1_cwbblwc
Neoliberal,comment,Israelis,k8910c7,rukqoa,,It's insane that people here are actually suggesting that the IDF is operating in any way similar to how the Russians are invading Ukraine. That's just idiotic.,2023-11-07T18:57:33+00:00,t3_17pjoee
Politics,comment,Palestinian,k7ssotq,allnimblybimbIy,,Such an easy target for any truly antisemitic person to dress up in bad faith and start something.,2023-11-04T15:37:04+00:00,t1_k7snjh9
Geopolitics,post,Zionists,1c1g0mj,ForeignAffairsMag,The Only Way for Israel to Truly Defeat Hamas: Why the Zionist Dream Depends on a Two-State Solution,,2024-04-11T14:09:20+00:00,
Geopolitics,comment,Israel,l5iss3d,meister2983,,">A) The court decides if this war is legal

They haven't even done that yet.  They are interfering with Israel overthrowing a terrorist group (though I recognize that many of these judge's home countries don't even view Hamas, an organization that terrorizes civilians, as a ""terrorist group"")

>I was refering to what this says about you

That I think a country should have a right to overthrow another country's government that attacked it?

>If there is a suspicion that this crime was a murder and the suspect is though to continue there will be a warrant to arrest them. If it was murder or self defense is decided in a trail, after he has been arrested.

You are saying the same thing.  There needs to be suspicion the suspect had alternative means to murder as a means to protect themselves.

>Â They work within the framework of laws another body made

At some point, they just have to make things up.  There's not a lot of well-established precedent that establishes Isreal's genocidal intention.  Most of the earlier ruling relied on stretch interpretations of officials that would render most wars genocidal if upheld consistently.",2024-05-24T20:26:44+00:00,t1_l5ip9vc
Neoliberal,comment,Zionists,hqqhzml,PeteWenzel,,Which is fundamentally an incredibly racist concept.,2021-12-31T22:20:41+00:00,t1_hqqgf0r
PoliticalDiscussion,comment,Gaza,k6yyyy2,Hobbit_Feet45,,"We had signed a treaty to leave by a specific date. We spent billions training and arming an Afghan army and they gave up their country to the Taliban without a fight. You should blame the lack of withdrawal preparations on Trump, he had years to get things ready but he wasted time and money on a stupid wall that only divides wildlife and doesnâ€™t keep humans out at all.",2023-10-29T16:49:38+00:00,t1_k6yy9gi
Scotland,comment,Israeli,k6xmflu,russiantotheshop,,good thing that crowd only makes up 1% of the population,2023-10-29T09:48:05+00:00,t1_k6xbwcf
unitedkingdom,comment,IDF,l1koqgj,Neil7908,,"Visa free does not mean guaranteed entry without any questions.

>I can almost guarantee you they donâ€™t do that with Finns, who also have conscription.

Finland isn't engaged in a war that has killed 10s of thousands of civilians in a conflict where their military have been accused of war crimes.",2024-04-28T00:16:12+00:00,t1_l1kjrqe
Geopolitics,comment,Israelis,k6e0ayr,AModestGent93,,">Israel has offered a two state solution many times,

And yet continues to build settlements which would make such a ""solution"" not viable",2023-10-25T13:06:00+00:00,t1_k6dqoqu
Neoliberal,comment,Israelis,jw8wng8,PlayDiscord17,,"I think the point is more that in other parliamentary systems (especially non-Westminster systems), thereâ€™s stuff like strong committee systems, â€œdualismâ€ (as in ministers canâ€™t/donâ€™t have to be members of parliament),  upper chambers, or written constitutions that proved somewhat of barrier or some checks between branches. Israel doesnâ€™t seem to have many of these so the lack of barrier is probably more apparent (especially with the closed list elections).",2023-08-15T05:20:36+00:00,t1_jw7ypsw
northernireland,comment,Palestine,cj2wn9s,NialloftheNineHoes,,"sort of makes sense though, if someone was hurt it would be easier to judge a situation from the skies ",2014-07-20T23:09:33+00:00,t3_2b8vvo
northernireland,comment,Palestine,kho60ab,AxeWoundSaxon,,A lesson in how to waste a perfectly good Saturday? Cos the impact of this protest is zero.,2024-01-13T14:35:20+00:00,t3_195nx6z
Politics,comment,Gaza,l3wjut0,garthcooks,,"Truly I'm sorry for the hundreds of innocent Israelis who have lost their lives. I hope you're also sorry and have considered what is like to lose 35,000+ Palestinian lives, Israel are not the only victims in this conflict.",2024-05-13T20:35:20+00:00,t1_l3win3z
unitedkingdom,comment,Palestinian,d6tziwr,None,,So Palestinians are free then are they? I wonder what all the fuss is about? ,2016-08-23T23:54:20+00:00,t1_d6tzcte
ukpolitics,comment,Hamas,l04i9rz,ShinyGrezz,,"Your implication is that those who would be angry with him are Hamas supporters. But, as youâ€™ve doubtlessly been told by someone else before, this sort of sign also pisses off a more average protester - someone who doesnâ€™t support anything Hamas does, but doesnâ€™t think their attack justified Israelâ€™s now-months long â€œcounterâ€ attack, that has (by my last check) killed 30x the number of people that Hamasâ€™ October 7th attack did. â€œHamas is a terrorist groupâ€ carries the implication that yes - the attack is justified and they do deserve it because of Hamas.",2024-04-18T10:49:12+00:00,t1_l04hpju
northernireland,comment,Palestine,k9wpdh2,Mylifemess,,"Was England attacked by all neighbors followed by another war followed by constant suicide bombing followed by non stop missile barrage? (Just in 2023 BEFORE oct 7 attack more than 1500 rockets https://www.jewishvirtuallibrary.org/palestinian-rocket-and-mortar-attacks-against-israel )

Just trying to see why you using that weird analogy.",2023-11-19T17:04:29+00:00,t1_k9w8pf5
Politics,comment,Israeli,gxz2dfr,manhattanabe,,"Now you are changing  by the subject.  Gaza refugees were displaced in the 1948 war, and need to be resettled.   There is a reason they attack Israel on an regulars basis.  They realize thy their cause is lost, and need a solution.  The UN should help them not block them. 

West Bank is more of a mixture.  Israel will have to evacuate the settlements in exchange for a peace agreement.  This agreement will also have to include resettlement of the refugees in Lebanon, Syria, and Jordan.",2021-05-13T13:09:43+00:00,t1_gxz1b7k
Republican,comment,Israel,kpaakv0,AutoModerator,,"/r/Republican is a partisan subreddit.  This is a place for Republicans to discuss issues with other Republicans.
To those visiting this thread, we ask that unless you identify as Republican that you refrain from commenting and [leave the vote button alone](https://www.reddit.com/r/MetaRepublican/comments/5t017a/this_sub_is_for_republicans_if_you_do_not/). Non republicans who come to our sub looking for a 'different perspective' [subvert that very perspective with their own views when they vote or comment.](http://i.imgur.com/XqL0wfR.jpg)

*I am a bot, and this action was performed automatically. Please [contact the moderators of this subreddit](/message/compose/?to=/r/Republican) if you have any questions or concerns.*",2024-02-07T04:05:49+00:00,t3_1aku0wl
Politics,comment,Zionists,dyqomo7,kittybite,,"Let's be honest. This is history repeating itself all in the benefit of US being a war\-profiteer. 

1\- Israel \- Iran Proxy War: US sells arms

2\- Saudi \- Iran Proxy War: US sells arms

3\- Anyone \- Iran Proxy War: US sells arms

4\- Any war, anywhere with anyone: US sells arms 

Is there literally anything else? Please tell me. PLEASE. ",2018-05-10T05:13:44+00:00,t3_8hz0a4
ukpolitics,comment,Zionist,e4pein6,Tophattingson,,"[And here's the full video.](https://www.youtube.com/watch?v=rBouC-XpJx4). Corbyn speaks from 7:00 to 14:20. My favourite part is at 12:20. Just randomly filming some guy in the audience.

Edit: There's more corbyn from 22:00 to 24:00 but this time it's in an interview format instead of a speech format.",2018-08-23T17:44:23+00:00,t1_e4pbggl
Geopolitics,comment,Israel,l0pmnwy,GuqJ,,You wouldn't but I'm sure most upvoters would,2024-04-22T07:36:33+00:00,t1_l0p8zz8
unitedkingdom,comment,Palestine,epptwct,None,,"Sure, but it's just like the Rothschild conspiracies. Just as 'Rothschild' becomes a euphemism for 'Jews', so does 'Mossad' in this case.",2019-06-01T12:20:24+00:00,t1_epptai2
europe,comment,Gaza,cj94219,stuardbaxtercholo,,"Proving once again that Hamas' strategy of starting a war with Israel in order to gain support for the innocent people killed, and thus money works. 
Then they'll use this money to fund more wars, which they will inevitably lose with many palestinians dying, which will get them more money, which they'll use to fund more wars. 
And so on. ",2014-07-27T13:39:47+00:00,t3_2bu0e2
LabourUK,post,Palestinians,1avq5ch,Ok-Departure7346,Palestinian victims ignored by the media | Media Watch [Australian perspective on news media ],"just posting this here as i feel like this is an issue not with just Australian news outlet but with UK one as-well

[https://www.youtube.com/watch?v=ZuLWQLjp6aI&t=10s](https://www.youtube.com/watch?v=ZuLWQLjp6aI&t=10s)",2024-02-20T19:19:20+00:00,
Neoliberal,comment,Zionists,ig53kvx,Starcast,,...do you think Arab is like a singular ethnicity or something? I generally try to be polite but this is dumb as shit.,2022-07-14T15:50:56+00:00,t1_ig4yu4i
northernireland,comment,Israeli,ikef1o9,DoireK,,"Well, yes. That is what an awful lot of us are. We don't give a fuck about the Catholic church. We are culturally catholic in that we were raised that way by our parents and generally to keep them happy we will baptise our children in the catholic faith etc but we have no filter on calling out the catholic church for its numerous wrongdoings. Using religion to justify any form of terror is simply wrong and what you are trying to do on this thread.",2022-08-15T16:26:57+00:00,t1_ikdv72c
ukpolitics,comment,Palestinian,k8u25u0,SDLRob,,Sad fact is that this tiny percentage of the march will be all that Suella and co will focus on... while ignoring her henchmen's actions this morning,2023-11-11T20:37:18+00:00,t3_17t1qu7
Geopolitics,comment,Gaza,ky27g1d,WoIfed,,"1. No, Biden is a friend. 
He love Israel and the Jewish people. 
However Biden needs to stop pressuring us because of his base. 

2. YES. 07/11 was a modern holocaust for all of us in Israel, this is how we see it. The most brutal massacre of Jews without any reason but hate since the holocaust.",2024-04-04T19:39:17+00:00,t1_ky271r7
Politics,comment,Palestinian,k4renmd,Mephisto1822,,Then why did we negotiate the release of the Americans held by Iran?,2023-10-13T21:16:18+00:00,t1_k4re54u
europe,comment,Gaza,kayy0dv,Heisenberg399,,"You are blamed by Azerbaijan for a potential new war with Armenia though, all because you are selling them weaponry after clear signs of a new invasion by Azerbaijan.",2023-11-27T13:17:00+00:00,t1_kax6vjd
Neoliberal,post,Israelis,uvi3pc,AgainstSomeLogic,Israeli court questions ban on Jewish prayer at Jerusalem mosque compound,,2022-05-22T19:23:35+00:00,
Politics,comment,Palestine,k65kg4n,jts89,,"*Biden's lack of support for Hamas could cost him big among black voters* is maybe the most delusional thing I've ever heard from a progressive commentator and there's a lot of competition there.

These people need to touch grass so badly.",2023-10-23T20:24:33+00:00,t3_17ep3l9
Politics,comment,Palestinian,k4tj3w1,Ithrazel,,"Palestine is a country that is under active occupation. Mexico is not under US occupation, so the comparison doesn't make sense.",2023-10-14T08:40:53+00:00,t1_k4tea2i
Scotland,comment,Gaza,krg2enn,Usernameoverloaded,,"I was talking UK wide, after all this is a Westminster vote. No citation needed.",2024-02-21T13:30:18+00:00,t1_krg28mr
LabourUK,comment,antisemitic,ih6bwrm,None,,"You are absolutely categorically wrong, and hilarious to see you accusing others of living in a delusional fantasy after our recent conversations in this sub.

The report said it was ""highly unlikely"" that the diverted funds would have made the difference between a win and a loss.

You have only proven once again your own dishonesty by trying to spin this into something else.

Everything combined ends up to sabotage in practice, from the refusal to do their job, to the secret plans, to the press briefings, to the deliberate gumming up of the disputes system. 

Whether it was a carefully plotted plan or the result of narcissistic incompetence is pretty much irrelevant as the outcome was the same.",2022-07-22T11:23:18+00:00,t1_igxc9bx
europe,comment,Israel,k6yt6f5,None,,I am developing an extremely averse reaction to islamist populism....doesn't seem to align with western values,2023-10-29T16:12:03+00:00,t1_k6xtin2
Politics,comment,Palestine,koco6gf,figuring_ItOut12,,">  Israel continues to kill civilians and make more Hamas terrorists. 

Ah yes, the radicalization argument. Because Israel, a country that **was within a few months of overthrowing Netanyahu on 10/6, was completely radicalized the next day.**

> Until he's kicked out

Just side stepped that whole thing and doubled down. Israel is not going to topple their own government in the middle of an existential war. But they will kick him out.

> Hamas will always exist in some form or was no one paying attention to anyone the US has ""eliminated?""...

We can't do much about folks nursing unhappy feelings but we can certainly do something when they decide to act on those feelings. ISIS never had the ability to hit US territory and they are a pinprick annoyance. Basically the entire world opposes them.

History is full of examples of radical extremists death cults that absolutely were crushed. We don't have to go back thousands of years. We can go back just to the 20th century.",2024-01-31T22:45:54+00:00,t1_kocmh9d
PoliticalDiscussion,comment,Gaza,l3wy5b4,Zealousideal-Role576,,Young voters irrationally hate Biden and there isnâ€™t a policy choice or executive order that could get them to unsour.,2024-05-13T21:59:23+00:00,t1_l3wxtgb
europe,comment,Gaza,e3wror1,Throwawayacountn3,,Nope.,2018-08-09T20:46:33+00:00,t1_e3whyfx
Politics,comment,Israeli,in64l8q,newsflashjackass,,"> when they get called out they get to respond 'oh, that's just politics these days, anyone you don't like is a Nazi!'



""By all means, compare these shitheads to Nazis. Again and again. I'm with you.""

\- Mike Godwin, author and namesake of Godwin's Law

https://web.archive.org/web/20170814002835/https://twitter.com/sfmnemonic/status/896884949634232320",2022-09-05T10:55:53+00:00,t1_in5e1td
Neoliberal,comment,antisemitic,k8y6iff,FiveBeautifulHens,,[the far left has always been antisemitic](https://www.isdglobal.org/explainers/far-left-antisemitism/),2023-11-12T17:14:46+00:00,t1_k8xgvy9
Neoliberal,comment,Israel,jt9chjp,HandlesLikeABistr0,,Iâ€™m a Zionist and I donâ€™t even support this. Time for defunding conversations. ðŸ¤¢,2023-07-24T15:23:11+00:00,t3_158a84i
unitedkingdom,comment,antisemitic,hgceuon,FlatulentGoku,,"I just find it hard to understand the link between covid, where Asians are victimised, and anti-semitism.

If the article is saying ""gateway drugs"" then it doesn't need to focus on anti semetism, or is it actually trying to say all conspiracy theories come back to anti semetism.

I understand why I'm getting down votes lol, but I'm genuinely questioning the point of that article, it's not written in a way that I get the takeaway clearly.",2021-10-12T12:00:06+00:00,t1_hgceauc
PoliticalDiscussion,comment,Palestine,j1pyy6h,FarEndRN,,">one of the largest critics of the Westâ€™s foreign policy to Russia on the Ukraine issue. Specifically the issue of  N.A.T.O enlargement[â€¦]

>[â€¦]sees China as actually being the bigger geopolitical threat. 

The guy might not fit â€œneatly on the political spectrumâ€ on the whole, but these two statements sound exactly like the same Russian apologist nonsense weâ€™ve been hearing from our own conservative and alt-right political talking heads the past two years.",2022-12-26T13:43:02+00:00,t3_zvfquu
Geopolitics,comment,Gaza,kub1p0n,Worklaptopsucks,,This is such a stupid way of looking at it. Imagine someone from your family was sent as fodder to a nation you have no loyalty to. But yeah sure step in the right direction.,2024-03-11T01:29:27+00:00,t1_kuarwpf
europe,comment,Israel,kimwp85,Falcao1905,,How the fuck do you accidentally launch a combined attack on a ship with your air and naval forces?,2024-01-19T19:56:58+00:00,t1_kimvn4r
Politics,comment,Rafah,ku9mo8s,Doogolas33,,"No. He said he will not stop funding their defensive measures, i.e: the iron dome.",2024-03-10T20:14:48+00:00,t1_ku9i4t3
LabourUK,comment,Zionist,fzlrgqv,JeffB1517,,"> No one is denying the historic persecution of the Jewish people

To be honest you do several places in this very comment.

>  so we should build them an ethnostate on stolen land.

That was the comment I objected to.  The UK didn't build them a state.  The Jews built themselves a state.

> Why should the work not be done to fix the conditions they are fleeing, 

It could very well have.  Had the British in the 19th century considered antisemitism a serious problem and worked hard to fight it likely there never would have been a mass movement for Zionism.  In 2020 that's not relevant anymore the option isn't open.  Now with a few exceptions they are done fleeing, Israel is their home where they were born.  

> or even integrate them into Palestine without giving them dominion over another group of people.

That was attempted.  The Zionists were amenable to that.  The problem is the natives (Palestinians) were supremacist.  They objected to the immigration and they objected to the immigrants ""disrupting their cultural norms"" which were Ottoman and thus involved Muslim supremacy. They were quite right.  The Zionists intended unlimited immigration and intended to establish equality.  When the Palestinians reacted violently on several attempts the made the Yishuv stronger and then finally  were crushed by the Yishuv.  The British weren't the ones who ""gave them dominion"". 

>  They had absolutely nothing to do with the rise of Hitler,

That's correct.  They weren't the ones who started any of the various European antisemitisms.  They did something do with foreclosing the option of expulsion and so  why the Nazi regime ultimately choose extermination rather than expulsion.  They also  after the holocaust was over and knowing full well what had happened took the position that the Jews in the Displace Persons Camps should freeze to death rather than being allowed to move to Palestine. So let's get to the period of time when the events were relevant.  

Additionally the Palestinians certainly promoted the 1950s wave of antisemitism in Muslim countries which pushed the Mizrahi Jews out.  So if your criteria is ""started"" rather than merely ""facilitated"" there is an example of started. 

> We don't really tolerate this from anyone else in the world.

You must certainly do tolerate it all over the world.  There are governments all over the planet dominated by one of the tribes in the territory.

>  and to say we don't get to question it because the Jews had a rough go is beyond stupid.

Can you name one time everyone has ever said that?  What does get questioned is your right to make up positions Jews don't hold and then mock them for holding them like you just did there.

> Why aren't we creating an ethnostate for the Palestinian people in their homeland and arming them too? 

What do you think has been British policy since the 1930s?  What do you think the two state solution means?  

> Pretending that the Balfour declaration didn't happen, which lent legitimacy and also paved the way for the sale of huge amount of military hardware

The British imposed arms restrictions on the Yishuv. UK policy was literally precisely the opposite of what you are stating here.  

> [The Yishuv] had support and arms flowing from superpowers 

They most certainly did not.  Quite the opposite until the Soviets intervened and Czechoslovakia gave the Yishuv heavy arms.  Prior to that almost all the arms were smuggled or illegally built over British attempts to make sure the Jews couldn't defend themselves.

> Tell me why, today, we should be supporting a theocratic police state that maintains the world's last apartheid?

No one is asking you to support them.  What people are asking you to do is to treat them like any of the other hundred plus tribal regimes whose government you don't like and mostly ignore them.  

You are the one who is seeking to make them an enemy of the UK with (depending on your policy) an explicit goal of: territorial diminishment,  regime change or possibly total population destruction.  And then be shocked that the supporters of the state are outraged by this policy.  Much as you are about Tony Blair having similar feelings about the Ba'ath in Iraq.  Or Americans who seek regime change in Iran because in their mind it is a dangerous theocratic regime, which incidentally also persecutes minorities.",2020-07-29T08:59:05+00:00,t1_fzlp6lf
Neoliberal,comment,Israel,kzrzs13,csucla,,"If this is their plan why even say that they'll pass Ukraine aid and break this stated commitment later? Why not just pass Israel aid and say nothing about Ukraine, which would have far less blowback?",2024-04-16T02:58:25+00:00,t1_kzrqufg
unitedkingdom,comment,Israel,l45efkq,SirLoinThatSaysNi,,"https://www.independent.co.uk/news/uk/politics/five-whitehall-buildings-held-by-wealthy-businessmen-now-operating-under-sharia-rules-a6910131.html

> The historic Admiralty House and four other Whitehall buildings are now operating in accordance with some sharia rules â€“ including a ban on alcohol â€“ after they were used as part of an Islamic bond scheme.
> 
> The properties must comply with some aspects of sharia under the terms of special bonds known as sukuk, announced by George Osborne two years ago when the UK became the first Western country to issue them.",2024-05-15T12:53:59+00:00,t1_l45bxsm
Politics,comment,Palestinian,jjsirg9,Wienerwrld,,"I am Jewish, and a Zionist (in that I believe Israel exists and has a right to), and an American. I believe itâ€™s vital to talk about governmental abuses. And that criticizing Israel is *not* antisemitic.

My only issue (which is not the case, here) is when people conflate Israel with the Jewish people in general. Which absolutely **is.**",2023-05-11T21:18:01+00:00,t1_jjshkkw
Libertarian,comment,Netanyahu,dybkwhz,makeshift78,,Thousands of years versus their parents and grandparents is hardly a comparison. The zionists have to use religious texts to justify taking land which somehow makes it okay. ,2018-05-02T12:56:56+00:00,t1_dyb98yy
europe,comment,Israel,kwyi9rr,TunaGamer,,"This makes one question even more what power the isrel lobby has. Maybe these questions should also be added to Nigerian citizenship test, lol.",2024-03-28T14:23:19+00:00,t1_kwy15vy
ukpolitics,comment,antisemitic,gyykl0u,Harpendingdong,,"> All belligerent parties ever have always wanted the total destruction of their enemies.

That's not true at all.",2021-05-21T16:36:18+00:00,t1_gyy53p9
PoliticalDiscussion,comment,Israel,l1zxcsu,mshaef01,,"Here's the reality that people don't want to hear: if these protests have any impact at all, it'll be that they got Trump elected.",2024-04-30T21:03:33+00:00,t3_1cguwma
Politics,comment,Hamas,ke6o471,kittenTakeover,,">Heâ€™s saying that new media, social media, YouTube videos, are improperly coloring the coverage.

This is true. Do you really believe that an unorganized group of uneducated people with few resources to do follow up research that is presented entirely based on clicks is going to be a balanced source of information?",2023-12-20T14:48:14+00:00,t1_ke6mrvh
Politics,post,Netanyahu,zcmo34,PandaMuffin1,Netanyahu asked about Trump 2024: â€˜Keep me out of itâ€™,,2022-12-04T21:41:50+00:00,
ukpolitics,comment,Israel,kq9iqgu,GennyCD,,"Reset the clock again.

https://i.imgflip.com/8fp552.jpg",2024-02-13T18:01:54+00:00,t3_1apzffg
Neoliberal,comment,Rafah,l5idsgq,-Maestral-,,"No need for generosity, you can be extremely weirded out if you wish so.


Calling on and highlighting 2 dissenting opinion and highlighting that decision wasn't unanimous when in fact there's high congruency among judges is disingenous at the least.


Now I come from hilly region of balkans where very recently wars were waged and ICTY was set up to deliver justice.


As a little liberal in such a country I often encountered fascists that tried to push revisionist history, 2 prominents aspects of which I see in your comments as well.


1. Highlighting disenting opinions to relativise the ruling as a whole


2. Decisions weren't unanimous meaning any ruling is debatable, questionable itself.


In a ruling that concerns Israel, Israeli judge is possibly biased. In ICTY judges council could never host a Croat in case like Praljak, Prlic et al. nor could it host a Serb judge in Srebrenica trial.Â 


In arbitrage court like Croatia-Slovenia border dispute a judge from both countries was a member. Why it's from both and not just from one is clear. Didn't turn out so well anyway.",2024-05-24T18:54:12+00:00,t1_l5ia3fi
PoliticalDiscussion,comment,Palestinians,k4yphth,Vegasgiants,,"There is no magical hamas detector.  They don't wear uniforms. 

If Palestinians were to turn over all of hamas to the IDF there could be peace",2023-10-15T11:23:42+00:00,t3_177zy1u
ukpolitics,comment,Palestinian,k8jnf78,HoplitesSpear,,">Do you have evidence that any of the pro-Palestine rallies in the UK have been organised by ""foreign terrorists""?

https://www.telegraph.co.uk/news/2023/11/06/former-hamas-chief-behind-pro-palestine-armistice-day-march/

>My issue is with the curtailing of free speech. Besides incitement to violence and slander, for examples

Our belief and adherence to free speech (which we don't currently have) should always come second to ensuring that foreign extremists are suppressed 

""Tolerance of intolerance"" and all that 

>This country made it's bed when we invited these people in in vast numbers and failed to properly integrate them.

Which should be rectified *immediately*, preferably by pulling a Shamima Begum and revoking their citizenship before deporting them",2023-11-09T19:50:46+00:00,t1_k8jltq7
europe,comment,Israeli,kb7cxu5,VladThe1mplyer,,">where were they living beforehand?

Ottoman/British land and then until '67/68 either Egyptian or Jordanian land.",2023-11-29T01:53:31+00:00,t1_kb7aj9e
Libertarian,comment,Israelis,k45g9bc,Revolutionary_Low816,,"Yes, I'm aware of what Hamas is doing, but that's not an excuse to carpet bomb civilian areas with actual civilians.

Just like how Al-Qaeda had bases in Iraq, didn't justify our invasion of Iraq in 2003.",2023-10-09T16:42:23+00:00,t1_k4403vk
Politics,comment,Palestine,j9va2sv,Duke_AllStar,,Trump should have stopped the fiasco of Jan 6 before it happened. We can do this all dayâ€¦.,2023-02-24T20:29:05+00:00,t3_11b0xq1
europe,comment,Hamas,k8hlfen,None,,"If russia was in an active land dispute with china (currently in frozen disputes), it would leave Europe alone for ever. Even if it never reached full out war.

And russian Claim over those disputes territories is based on recent history - they were part of china during qing dynasty, before russia was even in siberia.",2023-11-09T11:31:13+00:00,t1_k8hd488
Politics,comment,Israeli,kjulkqb,TheSonofMrGreenGenes,,â€œEqual rightsâ€ lol,2024-01-27T20:02:13+00:00,t1_kjuf1ve
ukpolitics,comment,Hamas,k50back,M1BG,,"This is the reality. The number one priority of a state is the defence of the realm.

If your enemy hides under civilians then you have the option of taking out the civilians and the enemy or you actively allow them to attack your own civilians.",2023-10-15T18:24:05+00:00,t1_k501c6c
LabourUK,comment,Israeli,khc76ay,twidel,,"You could say so, hamas released videos showing them shooting artillery shells from dug outs between graves.",2024-01-11T08:50:34+00:00,t1_kh9brxf
PoliticalDiscussion,comment,Gaza,kt7fwuw,ThothStreetsDisciple,,"> They didn't build bases in hospitals. Hamas runs the hospitals because that's what elected social democratic parties do. It's their job. Ditto the schools.

They literally have tunnels and weapons, such as AK 47s, connected to hospitals.

Some hospitals had literal Hamas munitions. Not just handguns for protecting order. But stuff for rockets, and tunnels.",2024-03-03T21:41:08+00:00,t1_kt7brl7
Neoliberal,comment,Hamas,jgj12h8,newdawn15,,"The mods deleted my last comment about this, but it basically said UAE is a very easy country to reach deals with in general and Israel/Trump's deal with UAE shouldn't be read into too much as a barometer of broader Israel/ME reproachment. 

This news *could* be read as an extension of that analysis. All that said, I wouldn't read too much into this either. I think this is just the prince tossing a bone to the populists/nationalists for Ramadan. When push really comes to shove, the Arab world doesn't really care all that much about Palestinians. A lot of mixed signals here.",2023-04-16T20:54:48+00:00,t3_12ojokc
Conservative,comment,Gaza,l232yw0,Consistent_Goat_7749,,Because they refuse to take them. They seem to have a history of violence in those countries as well. Egypt even built a wall to keep them out,2024-05-01T12:48:53+00:00,t1_l22rtgk
unitedkingdom,comment,Zionist,e3ji2yz,ImjusttestingBANG,,It would be too late the smear would have already worked. People would have moved  on to the next smear. Plenty of retractions over the last few years but they never see the sort anymore of traction of the original smear.,2018-08-03T15:39:36+00:00,t1_e3jgxn6
Geopolitics,comment,Palestine,k40ucot,Avenger007_,,I honestly think Putin is involved.  The biggest US advantage of a Saudi Deal was that it would bring oil prices lower as part of any agreement.  It would make sense from his perspective to try and blow things up since its not that different from the divide and rule strategy he pursued in the ex-Soviet states,2023-10-08T18:31:50+00:00,t3_172napc
europe,comment,Israel,k6iaqre,None,,They think they can defeat Islamic terrorism?,2023-10-26T07:13:08+00:00,t3_17g0hqv
Politics,comment,antisemitic,l1obwnj,ApolloX-2,,What about College Presidents calling the police on peaceful protesters?,2024-04-28T18:32:39+00:00,t3_1cfb6gv
Geopolitics,comment,Gaza,krt6ngs,mludd,,They played games with the hostage releases though. From an Israeli perspective this sent the message that Hamas wasn't acting in good faith.,2024-02-23T19:30:56+00:00,t1_krssnuq
Politics,post,Palestine,1cc4u46,RiverfrontTimes,Missouri Republicans Are Losing It Over Campus Pro-Palestine Protests,,2024-04-24T17:54:44+00:00,
ukpolitics,comment,Palestinian,e44lf66,FormerlyPallas_,,"Except he was 15 meters away holding the wreath and praying at the Black September graves, the organisation which carried out the attack and tortured and murdered the olymic athletes.",2018-08-13T18:30:32+00:00,t1_e44hy4p
Geopolitics,comment,Zionists,kz5dqv8,Square-Employee5539,,Letâ€™s go back to how the situation was before the 6 Day War. Jordan fully annexes the West Bank and Egypt occupies Gaza. Problem solved!,2024-04-11T22:36:54+00:00,t3_1c1g0mj
europe,comment,Gaza,k5ufrlo,None,,Govt cancels the tax.,2023-10-21T15:54:24+00:00,t1_k5ttkd5
Scotland,comment,Hamas,kjwf02r,nvkylebrown,,It's a reason to defund this organization and fund a different one with a better record.,2024-01-28T03:13:08+00:00,t1_kjv39wk
europe,comment,Gaza,k92zzds,TheGStandsForGannu,,"As if Azov battalion wasn't using civilian refugees as human shield a year ago. Oh right but they were the good guys, correct? So good you forgot they had Nazi tattoos. This sub is rotten.",2023-11-13T16:17:28+00:00,t3_17tszuo
Politics,comment,Palestinian,l0zdgkn,AgnarCrackenhammer,,"> Fuck Hamas Fuck Netanyahu and Co.

> Two-State Solution without either of those factions

Which is more or less  the stance of the Biden administration. While he hasn't openly called for Bibi to step down or be replaced, when Chuck Schumer called for new elections in Isreal Biddn described it as a good speech.",2024-04-24T01:41:07+00:00,t1_l0ysam1
LabourUK,comment,Israeli,kih4tbp,None,,"POW's are specifically combatants who are active participants in an armed conflict. Unless you are a soldier (possibly police) actively sent to repel the attack you wouldn't be counted as a POW. If you are wounded or defending yourself you are still not a combatant. Being in the military but not on duty during the attack also wouldn't make you a POW I believe. 

I think it gets murky when you have a semi organized civilian group fighting back but even then I think you are only counted as a temporary combatant. 

I'm not an expert in international law, so I might not be completely correct but I think the majority of those taken on Oct 7 are correctly labeled as hostages.",2024-01-18T19:10:01+00:00,t1_kih1c4n
Libertarian,comment,Israelis,cullydd,matts2,,"> It means that just because one society is MORE violent or MORE oppressive than the other doesn't make the LESS violent society better

Well actually it does. Particularly for libertarians. 

>So, you're a troll... waste of my time

It was your claim. I am sorry that I bothered to think about it. You proclaim that a religious group that does not kill is the same as one that imposes widespread terror because the former will become the latter.

",2015-08-31T07:22:32+00:00,t1_cullsul
ukpolitics,comment,Israeli,e443y7s,Rooferkev,,"Yea, but I don't see how its relevant to Corbyn's comments. There's no evidence at all to back them up and would show a very basic mindset if that was what influenced Corbyns comment. ",2018-08-13T14:18:22+00:00,t1_e43xa7g
Neoliberal,comment,Israelis,hf0aka0,Kiyae1,,Itâ€™s all for political theater. Iâ€™m guessing they tell one media outlet a dove story and another media outlet a hawk story. Sending mixed signals puts pressure on Iran to treat while also giving Israel enough credible deniability to show that treating is worthwhile and not a waste of time.,2021-10-01T18:59:44+00:00,t1_hezufq0
ukpolitics,comment,antisemitic,k4wbaq1,AnHerstorian,,">The Jews were ethnically cleansed from pretty much every country in the middle east

That is true. But the Israel of today is not the same as the Israel of Ben-Gurion. I think it it quite appropriate to say the Israel of today resembles something of an ethnostate.",2023-10-14T21:40:58+00:00,t1_k4w72gq
Scotland,comment,Gaza,k4cof3y,BiggestFlower,,"Who *wouldnâ€™t* use their position, in such a situation, to do what they could?",2023-10-11T00:24:50+00:00,t1_k4bpg0r
Politics,comment,Netanyahu,k4mg8ca,abletofable,,Trump should learn to not piss off foreign leaders.,2023-10-12T21:58:19+00:00,t3_176ec5m
Politics,comment,Gaza,l1flfu9,InternetPeon,,Uh no. Genocide is not a rational response to terrorism and this will spiral out into justification for retaliating on US interests globally.,2024-04-27T00:18:40+00:00,t1_l1fkufw
Politics,comment,Israel,l2ymcjh,sernamenotdefined,,"If this is their breaking point, at least they can't make it any clearer that it's for election reasons. There is no strategic or humanitarian reason to draw the line here.

On the contrary, strategically and for humanitarian reasons IDF taking Rafah is an improvement:

1. We saw today that Hamas is clearly active in Rafah, launching rockets from there. It is also the only resupply line left for Hamas, through the tunnels under the Egyptian border. Taking Rafah, IDF cuts Hamas off from all help.
2. With Israel controlling Rafah, they can no longer claim that aid coming over the egypt border goes to Hamas. They can completely check all aid and allow genuine humanitarian aid to go through. Israel has no more excuses with the taking of Rafah!

If Israel plays it smart, that second point is what they will publicly and vocally do. They will make all those that drew a line at Rafah look like fools; those Democrats included.",2024-05-07T10:39:52+00:00,t3_1cm8cup
Neoliberal,comment,Palestinians,k40jzv7,adamr_,,"To those arguing that the US shouldnâ€™t send aid or otherwise get involved, I counter with this:

Israel is one of the USâ€™ closest allies, and Israelâ€™s closest ally. We have large bilateral trade, and the US has the second largest number of Jews of any country. US citizens were killed and taken hostage.",2023-10-08T17:32:00+00:00,t3_172yq8g
ukpolitics,comment,antisemitic,h5w6ngk,potpan0,,"Len McLuskey was elected into his role. Owners of businesses are not. That's the fundamental distinction.

> The union model pits the workers against the business.

But I thought you were arguing that unions and businesses were actually the same thing a comment ago? Now they're in conflict with each other? Make your mind up!

> The union model pits the workers against the business. The co-op model intertwines the two. The two approaches cannot be more opposed.

You know that co-op members are often unionised too, right?",2021-07-20T16:47:07+00:00,t1_h5w2pqb
unitedkingdom,comment,Hamas,l3oy8mu,AppointmentFar6735,,Are you suprised more traumatised Palestinian people suffering war crimes and being bombed to shit are being radicalised?,2024-05-12T10:22:03+00:00,t1_l3owh47
ukpolitics,comment,Netanyahu,gzihoz4,justthisplease,,"Friends and a great supporter of a state [Human Rights Watch accuses of committing crimes of apartheid](https://www.theguardian.com/world/2021/apr/27/israel-committing-crime-apartheid-human-rights-watch)  


We should really be more like a strongly critical ally, supporting and pressuring for concrete moves for a two state solution, and criticising anything that does not move in that direction.",2021-05-26T13:49:58+00:00,t1_gzidtnv
Politics,comment,Israel,l4sh7bp,quirkyfemme,,Healthcare is not totally free either but the lie is totally worth it for the karma.Â ,2024-05-19T21:35:46+00:00,t1_l4rrwl0
Politics,comment,Israeli,k4egiwz,transbeca,,Nothing more?,2023-10-11T11:02:19+00:00,t1_k4b98yl
Scotland,comment,Gaza,k4ahn9o,Connell95,,"Most Palestinian experts seem to think it still has majority support in Gaza. That doesnâ€™t mean everyone, obviously. Obviously difficult to tell when Hamas has refused to ever hold an election.

They have a lot less support in the West Bank, and always have (and they donâ€™t run the government there, which is important to note).",2023-10-10T16:13:17+00:00,t1_k4afwdb
PoliticalDiscussion,comment,Palestinians,kfneqio,SeekSeekScan,,"You aren't confused.

You nailed it",2023-12-31T03:21:22+00:00,t1_kfk7mwg
northernireland,comment,antisemitic,k0nvxsl,williekinmont,,Media types always â€˜sadâ€™ after the fact. Never have the balls to say no in the first place.,2023-09-15T06:19:01+00:00,t3_16itor9
northernireland,comment,Palestinian,kpxxbyl,ABarrowWight,,"Itâ€™s almost like indiscriminately bombing a densely populated strip of land leads to civilian deaths and lots of dead kids.

Youâ€™re on a Northern Ireland subreddit you clampit, can you imagine if the British decided to start aerial bombing the Bogside or the Falls to kill the IRA? And then blame the IRA for not standing in the open to make it easier for them.

It wasnâ€™t done, and for good reason. So maybe take a lesson from our history and stop bombing kids.",2024-02-11T15:41:53+00:00,t1_kpxwhz7
ukpolitics,comment,Zionist,k921yeb,inventingalex,,well then maybe we need to stop labelling people who are anti-how-the state of Israel treats Palestinians as anti Zionist then?,2023-11-13T12:00:56+00:00,t1_k91yrc2
Labour,comment,Israeli,jsnoxi0,jarejarepaki,,Yeh whatever man. You have good night.,2023-07-19T23:16:24+00:00,t1_jsno9ki
ukpolitics,comment,Israel,ky5glur,None,,"> especially as we don't sell arms to Israel, we contribute to the F35 program

Iran is going to be shocked to discover that parts for jet aircraft isn't actually a controlled export after all

> (and they're not being used in Israel).

I guess technically, if you don't count Gaza as Israel

https://theaviationist.com/2023/11/07/israeli-f-35i-cas-gaza/",2024-04-05T10:38:46+00:00,t1_ky5fdc9
Politics,comment,Hamas,kuaftun,Okbuddyliberals,,"It's a means to control a people who have, according to polls and such, to a large degree intensely embraced hate

How are you supposed to deradicalize people who are massively radicalized and live in a society where authority has currently become oriented around further radicalizing them, without seizing that authority and retooling it to push people towards greater tolerance and reason?

Remember we are dealing with a situation far more radical (in this sense, in terms of how deeply the radicalization goes) than even the Nazis and other fascists were in during WWII and after. It's not like we saw widespread suicide bombings and other acts of protracted insurgency by Germans after WWII, and that was even a situation where the victorious allies ethnically cleansed Germans from many areas like Silesia and Pomerania. 

After all the totalitarianism of the Nazis to establish complete control over society, and the hundreds of thousands of German civilians killed when allies carpet bombed German cities, and the rapes and butchery of the Red Army, and the expulsions of German civilians, the German people... basically accepted that it was necessary to give up and accept a new way of life under the authority of the victorious allies

Whereas in the Israeli/Palestine conflict, Palestine has waged multiple aggressive wars and attacks against the Jewish state, with the desire to destroy the Jewish state and massacre it's people, and despite being crushed each time, they keep rising up again and again to keep futilely trying to erase the Jewish state. And many still remain as convinced as ever before that they must keep fighting the Jewish state because their god demands it 

When the spirit of hatred towards the existence of the Jewish state runs this deeply, how else is that spirit supposed to be destroyed?",2024-03-10T23:05:22+00:00,t1_kuac2sp
unitedkingdom,comment,IDF,kxx29v2,heresyourhardware,,"Not disagreeing but I think the reaction to this absolutely awful event is that it, rightly or wrongly, demonstrates how cheaply the West considers Palestinian lives.

That comment isn't a justification of that or pretending there is no additional context, it is just a reality.",2024-04-03T21:30:20+00:00,t1_kxwqwcb
Geopolitics,comment,Gaza,l24jo3w,Thannhausen,,"I don't think completely destroying Hamas is an achievable goal, especially when they have and still can hide behind civilians.  The bigger problem though is how many Palestinians (many of whom were being forced to live under Hamas rule) are going to be radicalized by what has happened.",2024-05-01T18:03:47+00:00,t3_1chs322
Geopolitics,comment,Hamas,l543odq,AVonGauss,,"If Gaza was occupied by Israel, they wouldn't have had to invade it over the last several months...",2024-05-22T02:21:48+00:00,t1_l50ptow
Politics,comment,Israeli,k47a86l,MurrayDakota,,She probably still has _questions_.,2023-10-09T23:28:05+00:00,t1_k46kcsa
europe,comment,Hamas,k771z37,fghhjhffjjhf,,"So you not only say you want peace in the I/P conflict, but you actually find historical precedent for it to happen! 

What is a gem like you doing on this godforsaken platform?",2023-10-31T05:51:18+00:00,t1_k6zw2vy
europe,comment,Palestine,j8da592,Elgar337,,I don't recognise her but she does look familiar,2023-02-13T13:37:19+00:00,t3_1115ql8
Politics,comment,Israel,l0oekna,HIVnotAdeathSentence,,"This aid is great anyways. 

After the money is printed, it's going to circle back to the US through defense conglomerates which will boost the economy and create jobs.",2024-04-22T01:00:23+00:00,t1_l0mry3z
Conservative,comment,Gaza,ku2li2e,CorneliusofCaesarea,,"Sick morbid humor alert....  


  


You could say, they got squat.",2024-03-09T14:09:51+00:00,t3_1bagfsm
northernireland,comment,Israeli,kf9v86e,None,,good question,2023-12-28T15:07:52+00:00,t1_kf9tl5i
unitedkingdom,comment,Israel,e0zo9ae,None,,There's no way you can say that isn't racist. It's as blatant as you can get,2018-06-20T14:36:44+00:00,t1_e0zevxx
europe,comment,Hamas,k4tzt3b,offline4good,,Terrorists think alike,2023-10-14T11:58:09+00:00,t3_177ltpf
Politics,comment,Hamas,kfs6id0,jeffinRTP,,I hope not but I also remember no one thinking he would win the nomination last time.,2024-01-01T02:07:44+00:00,t1_kfoapya
europe,comment,Palestine,kcovq2n,Robert_Grave,,"""Trust me guys we're marching for the lives of innocent civilians and not because jews are doing something!""

\- the guys literally ignoring every other far more destructive conflict in the world ever to specifically protest against a jewish state.",2023-12-09T22:10:54+00:00,t3_18ejddi
Conservative,comment,Gaza,l6ds3ok,thunderkhawk,,Let's see if he'll accept American Refugees. I respect people's rights to protest whatever they want. I also respect their rights to volunteer to visit the country they're cheerleading.,2024-05-30T21:20:14+00:00,t1_l6d66mk
europe,comment,Israeli,l2e83s3,UncreativeIndieDev,,"Got banned on there for being a ""troll"" when I made a comment calling out people who were continually calling for ""flattening Gaza"" and straight-up committing genocide. It didn't matter that around October 7th, I had been one of the people commenting against those justifying the deaths of Israeli civilians. Just even criticizing people who want to kill every Palestinian made me a troll to them. Can't be intruding on their little murderfest echo chamber now, can we?",2024-05-03T13:26:55+00:00,t1_l2e03b5
LabourUK,comment,Hamas,k7edmh7,1-randomonium,,"> But Bibiâ€™s hands are far from clean, and he is about to be tossed out of office for it.

We can only hope so. It would be dangerous for both Israel and Palestine's future for Netanyahu to cling to power any longer than he already has.",2023-11-01T18:31:31+00:00,t1_k7ecift
Scotland,comment,Gaza,k7z4zf4,ramich7,,"Give me one name of one child held in Israel jail, tortured, without trial",2023-11-05T20:29:24+00:00,t1_k7z4k0l
unitedkingdom,comment,Israel,ki917t0,Calcain,,"If you think this is bad, donâ€™t go to R/ukpolitics",2024-01-17T07:27:35+00:00,t1_ki8tofe
Politics,comment,Israeli,gzmdl37,ThaneKyrell,,"Judaism is also not a nation and isn't involved in a military operation, and this is clearly not stopping anti-semites from launching anti-Semitic attacks against Jews in Europe and the US for actions that are taking place in a country thousands of kms away",2021-05-27T10:37:13+00:00,t1_gzm3w9c
